{
  "train_loss": [
    0.6987817579302295,
    0.6928468979638198,
    0.6898090444762132,
    0.6885208290198753,
    0.6929672483740181,
    0.6884990671585346,
    0.6882460754493187,
    0.6888199181392275,
    0.6873753518893801,
    0.6852959456114933,
    0.6893070533357818,
    0.6858751856047531,
    0.6849913338135029,
    0.6880214448632865,
    0.6863006452034259
  ],
  "val_acc": [
    0.4263565891472868,
    0.5736434108527132,
    0.5736434108527132,
    0.5736434108527132,
    0.5736434108527132,
    0.5736434108527132,
    0.5736434108527132,
    0.5736434108527132,
    0.5736434108527132,
    0.5736434108527132,
    0.5736434108527132,
    0.5736434108527132,
    0.5736434108527132,
    0.5736434108527132,
    0.5736434108527132
  ],
  "val_loss": [
    0.6952570630598438,
    0.6919971986334453,
    0.6894440193508946,
    0.6879614000172578,
    0.686388047166573,
    0.6853972229846689,
    0.684972652169161,
    0.684797139592873,
    0.6846419970194498,
    0.6841955249623735,
    0.6840410140133644,
    0.6840480288793874,
    0.6839458808418393,
    0.68395552062249,
    0.6839486670124438
  ]
}